id_noticia,fuente,url,categoria_busqueda
N001,tropezon.cl,https://nuevotropezon.tropezon.cl/familia-fue-victima-de-portonazo-a-plena-luz-del-dia-en-cerro-navia/policial/,portonazo
N002,portalpirque.cl,https://www.portalpirque.cl/index.php/world/19-noticias/6846-cinco-menores-fueron-detenidos-en-pirque-tras-portonazo-frustrado-y-dos-intentos-de-encerrona,portonazo
N003,cnnchile.com,https://www.cnnchile.com/pais/escolta-luis-cordero-frustra-portonazo-vitacura/,portonazo
N004,t13.cl,https://www.t13.cl/noticia/nacional/les-iba-ir-mal-dramatico-relato-del-portonazo-sufrio-adulto-mayor-puente-alto-14-7-2026,portonazo
N005,biobiochile.cl,https://www.biobiochile.cl/noticias/nacional/region-metropolitana/2026/01/12/video-captan-violento-portonazo-a-mujer-en-santiago-vehiculo-robado-aparecio-en-renca.shtml,portonazo
N006,24horas.cl,https://www.24horas.cl/actualidad/nacional/pdi-de-franco-frustra-encerrona-y-realiza-disparos-,encerrona
N009,cooperativa.cl,https://www.cooperativa.cl/noticias/pais/policial/robo-de-vehiculos/conductor-de-aplicacion-fue-baleado-en-encerrona-en-santiago-centro/2026-08-07/231847.html,encerrona
N010,meganoticias.cl,https://www.meganoticias.cl/nacional/518249-delincuentes-robo-intimidacion-encerrona-elementos-gendarmeria-29-03-2026.html,encerrona
N011,biobiochile.cl,https://www.biobiochile.cl/noticias/nacional/region-metropolitana/2025/12/10/familia-sufre-encerrona-a-pasos-de-la-alameda-en-santiago-carabinero-disparo-contra-,encerrona
N012,biobiochile.cl,https://www.biobiochile.cl/noticias/nacional/region-metropolitana/2026/06/24/siguen-encerronas-en-la-capital-conductor-fue-baleado-en-la-florida-y-otro-perdio-su-auto-en-conchali.shtml,encerrona
N013,t13.cl,https://www.t13.cl/noticia/nacional/detienen-grupo-menores-por-violentas-encerronas-santiago-robaron-barticciotto-a-12-4-2026,encerrona
N014,biobiochile.cl,https://www.biobiochile.cl/noticias/nacional/region-metropolitana/2025/03/11/adulto-mayor-sufre-encerrona-en-las-cercanias-del-aeropuerto-de-santiago.shtml,encerrona
N015,chilevision.cl,https://www.chilevision.cl/programas/contigo-en-la-manana/video-captan-violenta-encerrona-en-chicureo-amenazaron-a-conductora-a-plena-luz-del-dia/,encerrona
N016,t13.cl,https://www.t13.cl/noticia/nacional/cote-lopez-sufre-encerrona-regresando-santiago-14-1-2025,encerrona
N017,diarioelcentro.cl,https://www.diarioelcentro.cl/2026/06/04/intento-de-encerrona-contra-funcionario-de-la-pdi-termina-con-delincuente-muerto-en-santiago/,encerrona
N018,elciudadano.com,https://www.elciudadano.com/actualidad/conductor-habria-matado-a-dos-adolescentes-durante-portonazo-en-santiago/05/24/,portonazo
N019,24horas.cl,https://www.24horas.cl/actualidad/nacional/video-mujeres-sufren-violento-portonazo-por-parte-de-delincuentes,portonazo
N020,adnradio.cl,https://www.adnradio.cl/nacional/2023/03/15/portonazos-santiago-terminan-delincuente-muerto-noche-martes.html,portonazo
N021,chilevision.cl,https://www.chilevision.cl/programas/contigo-en-directo/hay-asaltos-robos-y-portonazos-vecinos-de-la-florida-preocupados-por-graves-hechos-de-delincuencia/,portonazo
N022,cooperativa.cl,https://www.cooperativa.cl/noticias/pais/policial/robo-de-vehiculos/carabineros-frustro-robo-de-auto-en-nunoa-y-detuvo-a-tres-sujetos-tras/2026-08-20/072508.html,robo_vehiculo
N024,lavozdemaipu.cl,https://lavozdemaipu.cl/robo-vehiculo-maipu-gps-detenidos-cerrillos/,robo_vehiculo
N025,chilevision.cl,https://www.chilevision.cl/programas/contigo-en-directo/vecinos-relatan-doble-encerrona-en-el-bosque-banda-asalto-a-dos-familias-e-intento-robar-auto-con-guagua/,encerrona
